id;nom;description;date_debut;date_fin;type_action;statut
1;bi-directional synthesize;Crest Steel Coordinator;2025-03-19T09:47:50;2025-03-19T02:21:28;cross-platform;synthesizing
2;Senior Health;Fords;2025-03-18T18:50:10;2025-03-19T07:36:46;Wooden Bedfordshire strategic;Keyboard Gorgeous Wooden Shirt XSS
3;solutions Gorgeous Plastic Computer Buckinghamshire;Comoro Franc 4th generation;2025-03-19T04:03:30;2025-03-19T01:49:26;bleeding-edge;ability
4;indexing;Books;2025-03-19T02:54:58;2025-03-18T16:23:52;Kids Human;Fully-configurable Upgradable
5;Developer;Phased Pitcairn Islands;2025-03-18T10:38:01;2025-03-19T01:27:48;GB Open-source payment;white parallelism
6;indexing Jewelery;Saint Helena Pound bypass;2025-03-18T16:26:47;2025-03-19T09:22:12;Checking Account matrix;compressing Forward
7;Avon Nakfa;embrace Small Wooden Mouse;2025-03-19T08:16:31;2025-03-18T22:44:18;syndicate orchestration;Total deposit
8;solutions Consultant Maryland;Implementation Cheese;2025-03-18T16:21:05;2025-03-18T19:13:58;Small Liaison;brand
9;vortals Internal deposit;compressing matrix Cambridgeshire;2025-03-18T23:04:55;2025-03-19T02:30:43;GB infrastructure haptic;Rubber violet
10;Refined Granite Ball Fort FTP;Buckinghamshire Fantastic;2025-03-19T05:00:12;2025-03-19T01:14:14;National;Centers transmit
