id;date_audit;statut;commentaire
1;2025-03-19T06:15:30;Mills Dynamic Rubber;Handmade
2;2025-03-19T06:53:15;Angola solution;payment Small Soft Mouse
3;2025-03-18T22:49:59;alliance;alarm Developer
4;2025-03-19T01:18:11;Self-enabling facilitate;Business-focused Regional Metrics
5;2025-03-19T08:32:17;Intelligent Soft Tuna;Metal Intuitive website
6;2025-03-18T12:04:33;programming payment;mobile
7;2025-03-18T17:03:05;XSS;open-source Connecticut
8;2025-03-18T13:33:05;cultivate invoice systemic;Senior Solutions European Monetary Unit (E.M.U.-6)
9;2025-03-18T10:41:51;eyeballs synthesizing;Clothing
10;2025-03-18T19:13:02;Kids parse deposit;Product Malaysia
