id;montant;date_attribution;statut
1;47912;2025-03-18T15:47:12;Creative multimedia
2;52455;2025-03-18T23:43:30;Assurance Western Sahara index
3;89182;2025-03-18T23:07:00;e-commerce array Place
4;12645;2025-03-19T02:05:52;array
5;40775;2025-03-19T03:59:42;Checking Account Generic Rubber Car Refined Frozen Chips
6;30774;2025-03-19T01:14:31;Networked
7;55332;2025-03-18T16:20:08;Burundi e-business
8;49113;2025-03-19T02:04:15;quantify
9;27139;2025-03-19T01:44:09;Belarus Lakes bypassing
10;11629;2025-03-19T08:10:47;Multi-lateral
