id;reference;date_paiement;montant;mode_paiement;statut
1;Christmas Island ADP Hat;2025-03-18T23:58:21;39403;Sleek Plastic Car Specialist Graphic Interface;Frozen
2;Rwanda Franc Sports niches;2025-03-18T10:56:19;67099;Forward Incredible Frozen;Corners
3;indexing Consultant;2025-03-19T00:12:11;32668;Analyst;Integration Rustic Open-source
4;markets;2025-03-18T22:21:45;73601;eyeballs;Practical Steel Bike
5;Gibraltar Pound;2025-03-19T09:20:32;17828;eyeballs Regional Forward;visionary JSON
6;payment strategic;2025-03-18T20:01:47;65696;CSS payment;redundant Down-sized
7;haptic Chicken PCI;2025-03-19T05:20:20;40356;object-oriented invoice;Architect Hollow
8;payment;2025-03-19T03:20:06;10896;payment hard drive;Small Plastic Computer
9;Home Loan Account content;2025-03-18T15:21:49;5729;Solutions Avon lime;violet value-added Concrete
10;Brand service-desk Ethiopian Birr;2025-03-19T05:48:05;84493;Springs;Rustic
