id;date_suivi;indicateurs;commentaire
1;2025-03-19T07:33:44;Response back up;Ergonomic Concrete Table
2;2025-03-19T04:31:52;Stravenue Rufiyaa;orchid Multi-layered bricks-and-clicks
3;2025-03-18T16:04:51;analyzing;San Marino
4;2025-03-19T00:53:25;Trace;Bulgarian Lev Electronics
5;2025-03-18T16:07:01;Automotive matrix Intelligent;AI
6;2025-03-19T02:57:19;Architect Gloves;Frozen Salad
7;2025-03-19T05:53:15;background;yellow aggregate neural
8;2025-03-18T18:47:16;mindshare;Internal Florida Industrial
9;2025-03-19T07:19:50;Vermont transmitter;Tactics generate Grocery
10;2025-03-18T23:27:24;budgetary management;Configuration Chips
